peakID,B,L,pValB,pValL,lowerB,lowerL,upperB,upperL,cosineSimilarityOfBestMatch,bestMatch,bestMatchFiehnLib,bestMatchCasNo
4,-0.204854700164521,-0.220481253388405,0.128953718071536,0.102256058013714,-0.469338344100635,-0.484964897324516,0.0596289437715937,0.0440023905477054,0.993996147288047,"[1060] pyruvic acid [6.714]","[1060] pyruvic acid [6.714]",127173
5,-0.194677978310083,-0.0859188393427093,0.149065578418375,0.52422051637712,-0.459161622246198,-0.35040248327882,0.0698056656260311,0.178564804593401,0.98645936455175,"[107689] L-(+) lactic acid [6.851]","[107689] L-(+) lactic acid [6.851]",79334
10,-0.385405922305632,-0.15071106236199,0.00430065224437429,0.26397460056457,-0.649889566241747,-0.415194706298101,-0.120922278369518,0.113772581574121,0.993642183483469,"[5950] L-alanine 1 [7.4748]","[5950] L-alanine 1 [7.4748]",56417
12,-0.278424920235805,0.232337938763468,0.0390919339496612,0.0850966819604408,-0.542908564171919,-0.0321457051726426,-0.0139412762996904,0.496821582699579,0.884150605599365,"[49] 3-methyl-2-oxobutanoic acid 1 [7.562]","[49] 3-methyl-2-oxobutanoic acid 1 [7.562]",3715295
13,-0.60407691544616,-0.33348600208165,7.76342400682995e-06,0.0134763324534585,-0.868560559382275,-0.597969646017761,-0.339593271510045,-0.0690023581455395,0.513826079979285,"[9316] methyl linolenate [19.432]","[9316] methyl linolenate [19.432]",301008
14,-0.317686288347176,-0.157665599460082,0.0185750452163087,0.242571814157056,-0.582169932283291,-0.422149243396193,-0.0532026444110616,0.106818044476029,0.896104327316736,"[64956] DL-3-aminoisobutyric acid 1 [9.066]","[64956] DL-3-aminoisobutyric acid 1 [9.066]",10569719
17,-0.245386087296124,0.158361074963215,0.068986653456897,0.240500619422752,-0.509869731232239,-0.106122568972896,0.0190975566399903,0.422844718899326,0.829811897708647,"[49] 3-methyl-2-oxobutanoic acid 2 [7.928]","[49] 3-methyl-2-oxobutanoic acid 2 [7.928]",3715295
19,-0.350076126140731,-0.157314506392024,0.0094938314460999,0.243622157012754,-0.614559770076845,-0.421798150328135,-0.085592482204616,0.107169137544087,0.809380728668724,"[440294] cis-1,2-dihydro-1,2-naphthalenediol [14.877]","[440294] cis-1,2-dihydro-1,2-naphthalenediol [14.877]",51268883
21,-0.0857844866095485,0.0136739352635529,0.524869419964446,0.919266634994711,-0.350268130545663,-0.250809708672558,0.178699157326566,0.278157579199664,0.825652414609525,"[5351896] trans-3-hexenedioic acid [13.08]","[5351896] trans-3-hexenedioic acid [13.08]",4436742
24,-0.458002544005526,0.0702905495257921,0.000693161464510891,0.602355016202709,-0.72248618794164,-0.194193094410319,-0.193518900069411,0.334774193461903,0.908750776815061,"[70] 2-ketoisocaproic acid 1 [8.541]","[70] 2-ketoisocaproic acid 1 [8.541]",4502005
25,-0.153007104679159,0.145201774375774,0.256768931497828,0.281829440714261,-0.417490748615273,-0.119281869560337,0.111476539256956,0.409685418311884,0.692249598267158,"[5280451] maleamic acid 1 [12.152]","[5280451] maleamic acid 1 [12.152]",557244
26,-0.516562858367089,-0.0299259695386062,0.000130670293439781,0.824450450098374,-0.781046502303204,-0.294409613474717,-0.252079214430975,0.234557674397505,0.839959004106211,"[51] alpha ketoglutaric acid [13.859]","[51] alpha ketoglutaric acid [13.859]",328507
29,-0.0177921671678813,0.0676708013178403,0.895076259552661,0.615949545669238,-0.282275811103996,-0.196812842618271,0.246691476768233,0.332154445253951,0.81227967706097,"[51] alpha ketoglutaric acid [13.859]","[51] alpha ketoglutaric acid [13.859]",328507
31,0.190890322005991,0.219728435190339,0.157134266652152,0.103432450216906,-0.0735933219301236,-0.0447552087457722,0.455373965942106,0.48421207912645,0.863307261240234,"[750] glycine [10.456]","[750] glycine [10.456]",56406
33,0.10959748412729,-0.361895678856217,0.416590008764414,0.00733526449797917,-0.154886159808825,-0.626379322792328,0.374081128063405,-0.0974120349201057,0.858861662016641,"[115288] 2-amino-2-norbornanecarboxylic acid  1 [11.391]","[115288] 2-amino-2-norbornanecarboxylic acid  1 [11.391]",20448797
37,0.0169730687802301,-0.157324593009377,0.899880578670482,0.243591936991185,-0.247510575155885,-0.421808236945488,0.281456712716345,0.107159050926734,0.993353968226302,"[21236] L-norleucine 2 [10.607]","[21236] L-norleucine 2 [10.607]",327571
38,-0.299927317165132,-0.0332629782696527,0.0262526249139848,0.805248943901117,-0.564410961101247,-0.297746622205764,-0.0354436732290176,0.231220665666458,0.856982334642466,"[1004] phosphoric acid [9.966]","[1004] phosphoric acid [9.966]",7664382
39,-0.172279000611005,-0.0233815262373035,0.201647811010256,0.862404243175308,-0.43676264454712,-0.287865170173414,0.0922046433251092,0.241102117698807,0.691168737574608,"[91493] 6-phosphogluconic acid [22.289]","[91493] 6-phosphogluconic acid [22.289]",53411704
40,-0.0968627345445262,0.038426145735551,0.472777759820423,0.775773595813326,-0.361346378480641,-0.22605749820056,0.167620909391588,0.302909789671662,0.766750881168812,"[51] alpha ketoglutaric acid [13.859]","[51] alpha ketoglutaric acid [13.859]",328507
41,-0.114319917113772,-0.0612467733335569,0.39679929022952,0.649840756577849,-0.378803561049886,-0.325730417269668,0.150163726822343,0.203236870602554,0.676931873709473,"[151138] cis-4-hydroxycyclohexanecarboxylic acid [12.776]","[151138] cis-4-hydroxycyclohexanecarboxylic acid [12.776]",3685221
44,-0.818395566865967,-0.699841418183517,1.43759371809141e-09,2.24175400462883e-07,-1.08287921080208,-0.964325062119628,-0.553911922929853,-0.435357774247406,0.994546309247384,"[145742] L-proline 2 [10.321]","[145742] L-proline 2 [10.321]",147853
46,-0.21281933074132,-0.334157378320975,0.114738140879669,0.0132901785723928,-0.477302974677434,-0.598641022257086,0.051664313194795,-0.0696737343848644,0.995019483065316,"[750] glycine [10.456]","[750] glycine [10.456]",56406
48,-0.243131528351684,-0.220924956581514,0.0715758557595323,0.101567709257621,-0.507615172287799,-0.485408600517625,0.0213521155844304,0.0435586873545975,0.797224499561333,"[5351896] trans-3-hexenedioic acid [13.08]","[5351896] trans-3-hexenedioic acid [13.08]",4436742
50,-0.111723523031892,-0.0883577672752104,0.407609079277471,0.51251278250592,-0.376207166968007,-0.352841411211321,0.152760120904223,0.176125876660901,0.906758421229763,"[1174] uracil [10.777]","[1174] uracil [10.777]",66228
51,-0.478955924561174,-0.346869934349551,0.0003893421398898,0.0101696661292912,-0.743439568497289,-0.611353578285662,-0.21447228062506,-0.08238629041344,0.881174353055888,"[444972] fumaric acid [10.94]","[444972] fumaric acid [10.94]",17013013
54,0.0482583897310519,-0.102511558236709,0.72055983122651,0.447353903285105,-0.216225254205063,-0.36699520217282,0.312742033667167,0.161972085699402,0.992105209995408,"[5951] L-serine 2 [11.174]","[5951] L-serine 2 [11.174]",56451
55,-0.0118539331867186,0.0867447929020457,0.929982493661984,0.52024034090529,-0.276337577122833,-0.177738851034065,0.252629710749396,0.351228436838157,0.715491544237288,"[385] pimelic acid [14.19]","[385] pimelic acid [14.19]",111160
57,-0.0787078767544475,0.0832320838117455,0.559619912289675,0.537274806432512,-0.343191520690562,-0.181251560124365,0.185775767181667,0.347715727747856,0.826237657729788,"[51] alpha ketoglutaric acid [13.859]","[51] alpha ketoglutaric acid [13.859]",328507
58,-0.00290325359094154,0.116640731463265,0.98283062931919,0.387284848552425,-0.267386897527056,-0.147842912472846,0.261580390345173,0.381124375399376,0.755994026543599,"[65030] Artemisin [21.929]","[65030] Artemisin [21.929]",481050
59,0.051429173128689,-0.13291193355596,0.703044929855019,0.324555083429815,-0.213054470807426,-0.397395577492071,0.315912817064804,0.131571710380151,0.973054712153516,"[6288] L-threonine 2 [11.464]","[6288] L-threonine 2 [11.464]",72195
62,-0.0276166594283829,0.0969956103659999,0.837801018049826,0.472170722702224,-0.292100303364498,-0.167488033570111,0.236866984507732,0.361479254302111,0.893666172209042,"[159793] 2-keto-L-gulonic acid 2 [17.998]","[159793] 2-keto-L-gulonic acid 2 [17.998]",342385528
63,-0.108039696790953,0.657782695533481,0.42324401577915,1.12774044462261e-06,-0.372523340727067,0.39329905159737,0.156443947145162,0.922266339469591,0.779909543984672,"[11321] acetylisatin 1 [16.184]","[11321] acetylisatin 1 [16.184]",574174
65,-0.0357714237329134,0.0816165743809038,0.790891374262209,0.545202096425496,-0.300255067669028,-0.182867069555207,0.228712220203201,0.346100218317015,0.760339827560374,"[5280451] maleamic acid 1 [12.152]","[5280451] maleamic acid 1 [12.152]",557244
66,-0.0958245870730705,0.204266322586518,0.477535254878169,0.130055905406556,-0.360308231009185,-0.0602173213495934,0.168659056863044,0.468749966522629,0.982278555953307,"[239] Beta- alanine  1 [12.044]","[239] Beta- alanine  1 [12.044]",107959
68,-0.300912081513484,-0.178132786187469,0.0257642859064926,0.186752561222817,-0.565395725449599,-0.44261643012358,-0.0364284375773696,0.0863508577486418,0.806369693706617,"[5351896] trans-3-hexenedioic acid [13.08]","[5351896] trans-3-hexenedioic acid [13.08]",4436742
69,-0.0964712561492294,0.134126370414459,0.474568706934119,0.32015440663178,-0.360954900085344,-0.130357273521652,0.168012387786885,0.398610014350571,0.648246583085011,"[14490] 6-hydroxyhexanoic acid [12.042]","[14490] 6-hydroxyhexanoic acid [12.042]",1191259
71,0.00107905854335888,0.0646785449304003,0.993618198162975,0.631639730862728,-0.263404585392756,-0.199805099005711,0.265562702479474,0.329162188866511,0.893891658135005,"[1133] thioglycolic acid [9.725]","[1133] thioglycolic acid [9.725]",68111
76,-0.645692086327278,-0.477768658643443,1.76403968966156e-06,0.000402519272901818,-0.910175730263393,-0.742252302579554,-0.381208442391163,-0.213285014707331,0.955212918455426,"[92824] D-malic acid [12.794]","[92824] D-malic acid [12.794]",617481
77,-0.0306529220297573,0.127400217690197,0.820258096655701,0.345020043087552,-0.295136565965872,-0.137083426245914,0.233830721906357,0.391883861626309,0.906535966095885,"[94220] lactamide 2 [8.394]","[94220] lactamide 2 [8.394]",2043438
80,-0.294762976831049,-0.297577452444331,0.0289466995403016,0.0274503514813267,-0.559246620767163,-0.562061096380442,-0.030279332894934,-0.0330938085082197,0.944833289309916,"[239] Beta- alanine  2 [14.555]","[239] Beta- alanine  2 [14.555]",107959
81,-0.141005697407743,-0.177703917628991,0.295966311215902,0.187815442009885,-0.405489341343858,-0.442187561565102,0.123477946528371,0.0867797263071205,0.988073546444118,"[7405] L-pyroglutamic acid [13.218]","[7405] L-pyroglutamic acid [13.218]",98793
82,-0.23406151455146,-0.165532810472669,0.0828084486579696,0.219867307278071,-0.498545158487575,-0.43001645440878,0.0304221293846541,0.0989508334634423,0.784334396020772,"[5810] trans-4-hydroxy-L-proline 2 [13.267]","[5810] trans-4-hydroxy-L-proline 2 [13.267]",51354
84,-0.128282861911313,-0.0996743390809502,0.341688561096663,0.460025130443162,-0.392766505847428,-0.364157983017061,0.136200782024801,0.164809304855161,0.937459777293811,"[444305] tartaric acid [14.588]","[444305] tartaric acid [14.588]",133379
85,0.0726545266387282,-0.106417059429973,0.590205142084673,0.430240767217145,-0.191829117297386,-0.370900703366084,0.337138170574843,0.158066584506138,0.994894885167701,"[594] L-cysteine 2 [13.582]","[594] L-cysteine 2 [13.582]",52904
86,-0.00719940062503786,0.135620088071665,0.957440834745365,0.314795497028921,-0.271683044561153,-0.128863555864446,0.257284243311077,0.400103732007776,0.839998224082599,"[11848] 2,3-dimethylsuccinic acid [11.134]","[11848] 2,3-dimethylsuccinic acid [11.134]",13545045
87,-0.0739509811824663,0.122177763757176,0.583590197665371,0.365153808692475,-0.338434625118581,-0.142305880178935,0.190532662753648,0.386661407693287,0.872074414239287,"[11848] 2,3-dimethylsuccinic acid [11.134]","[11848] 2,3-dimethylsuccinic acid [11.134]",13545045
88,-0.898067343303713,-0.0336144765504932,3.20261869281656e-11,0.803232992945776,-1.16255098723983,-0.298098120486604,-0.633583699367598,0.230869167385618,0.981046813278052,"[51] alpha ketoglutaric acid [13.859]","[51] alpha ketoglutaric acid [13.859]",328507
89,-0.0596786431786802,0.124072761739393,0.658228584630047,0.357764829459791,-0.324162287114795,-0.140410882196718,0.204805000757434,0.388556405675504,0.864411463833231,"[11848] 2,3-dimethylsuccinic acid [11.134]","[11848] 2,3-dimethylsuccinic acid [11.134]",13545045
91,-0.501777151619142,-0.297116334468675,0.00020247279629703,0.0276908393132167,-0.766260795555256,-0.561599978404786,-0.237293507683027,-0.0326326905325638,0.85720531423249,"[7405] L-pyroglutamic acid [13.218]","[7405] L-pyroglutamic acid [13.218]",98793
92,-0.346228137920081,-0.140134146844682,0.010309987858447,0.29896117439905,-0.610711781856196,-0.404617790780793,-0.0817444939839668,0.124349497091429,0.892875389609454,"[11848] 2,3-dimethylsuccinic acid [11.134]","[11848] 2,3-dimethylsuccinic acid [11.134]",13545045
93,0.0731677979957116,-0.0602920525513114,0.587582130073193,0.654942295877195,-0.191315845940403,-0.324775696487422,0.337651441931826,0.2041915913848,0.970748051759364,"[6262] L-ornithine 1 [14.349]","[6262] L-ornithine 1 [14.349]",70268
94,-0.161094433677365,0.164350267862907,0.232481272769848,0.223179077139595,-0.425578077613479,-0.100133376073204,0.10338921025875,0.428833911799018,0.987402645861422,"[33032] L-glutamic acid 2 [14.398]","[33032] L-glutamic acid 2 [14.398]",56860
95,0.0578700228738493,-0.084691876280541,0.667956435774505,0.530161798943883,-0.206613621062265,-0.349175520216652,0.322353666809964,0.17979176765557,0.861510244219438,"[6057] L-tyrosine 2 [17.856]","[6057] L-tyrosine 2 [17.856]",60184
96,0.0538965088994822,0.0817882833110122,0.689523461659942,0.544356771245656,-0.210587135036633,-0.182695360625099,0.318380152835597,0.346271927247123,0.79436305709653,"[3679006] N-carbamyl-L-glutamic acid 3 [17.83]","[3679006] N-carbamyl-L-glutamic acid 3 [17.83]",1188381
100,-1.21124084113133,-1.26299157775104,4.2761789145051e-19,1.31832269001553e-20,-1.47572448506745,-1.52747522168716,-0.946757197195218,-0.998507933814933,0.910077109918431,"[835] dehydroascorbic acid  5 [17.878]","[835] dehydroascorbic acid  5 [17.878]",490835
102,-0.323525000741913,-0.0799934993781821,0.0165217737748313,0.553224570750279,-0.588008644678027,-0.344477143314293,-0.059041356805798,0.184490144557929,0.996139456447104,"[1123] taurine [14.94]","[1123] taurine [14.94]",107357
103,-0.169631090044135,-0.414712441034252,0.208663183489532,0.00212581415291308,-0.43411473398025,-0.679196084970363,0.0948525538919798,-0.150228797098141,0.974762329758802,"[439280] 5-hydroxy-L-tryptophan 1 [22.224]","[439280] 5-hydroxy-L-tryptophan 1 [22.224]",000000000
105,-0.0877603077042885,0.0909636363452491,0.51536813985309,0.500156044660818,-0.352243951640403,-0.173520007590862,0.176723336231826,0.35544728028136,0.901548307386193,"[5460005] 2-deoxy-D-ribose 2 [13.84]","[5460005] 2-deoxy-D-ribose 2 [13.84]",533675
106,-0.109266961615276,-0.184935950627164,0.417996634913728,0.170482027411703,-0.373750605551391,-0.449419594563275,0.155216682320839,0.0795476933089469,0.602841400472687,"[6057] L-tyrosine 2 [17.856]","[6057] L-tyrosine 2 [17.856]",60184
108,-0.495818099162682,-0.37159832218574,0.000240789033508936,0.00590447561909031,-0.760301743098796,-0.636081966121851,-0.231334455226567,-0.107114678249629,0.881712845749099,"[51] alpha ketoglutaric acid [13.859]","[51] alpha ketoglutaric acid [13.859]",328507
109,-0.454737337343316,-0.0924136029936661,0.000756818266952327,0.49334956030719,-0.719220981279431,-0.356897246929777,-0.190253693407202,0.172070040942445,0.886493462268694,"[12035] N-acetyl-L-cysteine 1 [15.242]","[12035] N-acetyl-L-cysteine 1 [15.242]",616911
110,-1.32610039522774,-1.41375682439919,1.57684600227431e-22,2.41989230939764e-25,-1.59058403916386,-1.6782404683353,-1.06161675129163,-1.14927318046308,0.911560700758353,"[] L-Ascorbic Acid-13C6 5 [18.004]","[] L-Ascorbic Acid-13C6 5 [18.004]",000000000
111,-0.0970460944692387,-0.228353706691285,0.471940201046094,0.0905821851288379,-0.361529738405353,-0.492837350627396,0.167437549466876,0.0361299372448254,0.892922241524312,"[51] alpha ketoglutaric acid [13.859]","[51] alpha ketoglutaric acid [13.859]",328507
112,0.349169660053597,-0.402337820615917,0.0096807212610093,0.00287766228269,0.0846860161174822,-0.666821464552028,0.613653303989712,-0.137854176679806,0.840461099053492,"[12364] adipamide 3 [16.515]","[12364] adipamide 3 [16.515]",628944
113,-0.117882052353584,0.00516778664489609,0.382253536786119,0.969443664392727,-0.382365696289699,-0.259315857291215,0.146601591582531,0.269651430581007,0.836176917668445,"[5351896] trans-3-hexenedioic acid [13.08]","[5351896] trans-3-hexenedioic acid [13.08]",4436742
114,0.0145205688525318,0.0600805212584119,0.914286677125775,0.656074805751118,-0.249963075083583,-0.204403122677699,0.279004212788646,0.324564165194523,0.868230721589774,"[111064] ribonic acid-gamma-lactone 1 [15.052]","[111064] ribonic acid-gamma-lactone 1 [15.052]",5336083
115,-0.373864491861309,-0.2987060775791,0.00560887677603724,0.0268693294203157,-0.638348135797424,-0.563189721515211,-0.109380847925194,-0.0342224336429886,0.800587561371054,"[111064] ribonic acid-gamma-lactone 1 [15.052]","[111064] ribonic acid-gamma-lactone 1 [15.052]",5336083
116,0.0957286018539026,-0.233248765408242,0.477976443556838,0.0838811682682475,-0.168755042082212,-0.497732409344353,0.360212245790017,0.0312348785278689,0.994294272702421,"[738] L-glutamine 3 [16.092]","[738] L-glutamine 3 [16.092]",56859
117,-0.121769402059141,-0.12963566597419,0.366758493463104,0.336622604719559,-0.386253045995256,-0.394119309910301,0.142714241876974,0.134847977961921,0.881331337198427,"[51] alpha ketoglutaric acid [13.859]","[51] alpha ketoglutaric acid [13.859]",328507
119,-0.36825621318117,-0.124448845033275,0.00636608540368781,0.35630967845808,-0.632739857117284,-0.388932488969386,-0.103772569245055,0.140034798902836,0.922699184223964,"[111064] ribonic acid-gamma-lactone 1 [15.052]","[111064] ribonic acid-gamma-lactone 1 [15.052]",5336083
122,0.1850003194329,0.106315402210537,0.170333325934626,0.430681334043466,-0.0794833245032149,-0.158168241725574,0.449483963369015,0.370799046146648,0.848292330108387,"[5460005] 2-deoxy-D-ribose 1 [13.816]","[5460005] 2-deoxy-D-ribose 1 [13.816]",533675
123,-0.349699927053823,0.0822399388821032,0.00957099963573686,0.542136381648802,-0.614183570989938,-0.182243705054008,-0.0852162831177082,0.346723582818214,0.993008994808208,"[311] citric acid [16.615]","[311] citric acid [16.615]",5949291
124,1.2064303992429,0.00974802295952578,5.86833484584002e-19,0.942397471506387,0.941946755306784,-0.254735620976585,1.47091404317901,0.274231666895637,0.933797033549088,"[71] gluconic acid 1 [17.693]","[71] gluconic acid 1 [17.693]",526954
125,0.889027291199129,0.0185478476732514,5.01381614095928e-11,0.890647317866821,0.624543647263014,-0.24593579626286,1.15351093513524,0.283031491609362,0.930660403640822,"[71] gluconic acid 1 [17.693]","[71] gluconic acid 1 [17.693]",526954
126,-0.0175702105771194,0.25582460481854,0.896377745466291,0.057982812838886,-0.282053854513234,-0.00865903911757151,0.246913433358995,0.520308248754651,0.833817571081937,"[3679006] N-carbamyl-L-glutamic acid 3 [17.83]","[3679006] N-carbamyl-L-glutamic acid 3 [17.83]",1188381
127,0.342270682096271,0.502039694886152,0.0112139587580752,0.000200924175403605,0.0777870381601559,0.237556050950041,0.606754326032386,0.766523338822263,0.917226629355083,"[73563] D-glucosaminic acid 1 [18.387]","[73563] D-glucosaminic acid 1 [18.387]",3646682
128,0.262738161058459,0.304580209634459,0.0515304513524489,0.0240138044143965,-0.00174548287765576,0.0400965656983484,0.527221804994574,0.56906385357057,0.910896332254165,"[73563] D-glucosaminic acid 1 [18.387]","[73563] D-glucosaminic acid 1 [18.387]",3646682
130,-0.851624229782166,1.61680905920276,3.06194316136824e-10,1.69953845965799e-32,-1.11610787371828,1.35232541526665,-0.587140585846051,1.88129270313887,0.996507950233237,"[2724552] tagatose 2 [17.212]","[2724552] tagatose 2 [17.212]",87810
132,-0.0700984850479861,1.13562307661181,0.60334708185941,5.4029077582896e-17,-0.334582128984101,0.871139432675701,0.194385158888129,1.40010672054792,0.98647939279553,"[5984] fructose 2 [17.288]","[5984] fructose 2 [17.288]",57487
134,0.144051844858386,0.0917565151432257,0.28565724667161,0.496427922267091,-0.120431799077729,-0.172727128792885,0.408535488794501,0.356240159079337,0.982951762310004,"[448388] D-allose 1 [17.278]","[448388] D-allose 1 [17.278]",579362
136,0.369257030706557,0.28509043778493,0.00622455687769713,0.0346365758295765,0.104773386770442,0.0206067938488189,0.633740674642671,0.549574081721041,0.977806340582901,"[448388] D-allose 1 [17.278]","[448388] D-allose 1 [17.278]",579362
137,0.244854508823664,0.0057540412925701,0.069590092313289,0.965979225161562,-0.0196291351124511,-0.258729602643541,0.509338152759778,0.270237685228681,0.987945405253739,"[6057] L-tyrosine 2 [17.856]","[6057] L-tyrosine 2 [17.856]",60184
142,-0.334934021597053,-0.302815624416648,0.0130776769373367,0.0248425751417646,-0.599417665533167,-0.567299268352759,-0.070450377660938,-0.0383319804805369,0.941549369125199,"[71] gluconic acid 1 [17.693]","[71] gluconic acid 1 [17.693]",526954
143,-0.364920978764732,0.181169420963985,0.0068588844755894,0.179353644582359,-0.629404622700847,-0.0833142229721261,-0.100437334828617,0.445653064900096,0.973143974018465,"[439451] galactinol 2 [26.479]","[439451] galactinol 2 [26.479]",3687647
145,-0.0156763256742153,-0.0530758079719909,0.907493903547905,0.694010316255119,-0.28015996961033,-0.317559451908102,0.248807318261899,0.21140783596412,0.927571463990473,"[439665] threose 1 [12.251]","[439665] threose 1 [12.251]",95432
147,-0.181488973628514,-0.176308569343554,0.178587899510694,0.191304485960014,-0.445972617564629,-0.440792213279665,0.0829946703076007,0.0881750745925575,0.939029138380232,"[71] gluconic acid 1 [17.693]","[71] gluconic acid 1 [17.693]",526954
148,-0.0266527478038409,-0.0505191194522433,0.843387661611218,0.708056292984983,-0.291136391739955,-0.315002763388354,0.237830896132274,0.213964524483868,0.99443707636016,"[985] palmitic acid [18.846]","[985] palmitic acid [18.846]",64519820
151,-0.215955648081016,-0.132057057030725,0.109490963264392,0.327676358938757,-0.480439292017131,-0.396540700966837,0.0485279958550989,0.132426586905386,0.90209423725638,"[439665] threose 1 [12.251]","[439665] threose 1 [12.251]",95432
152,0.0478975035493104,0.124315873310898,0.722562843961512,0.356823748936363,-0.216586140386804,-0.140167770625214,0.312381147485425,0.388799517247009,0.878040893737115,"[439665] threose 1 [12.251]","[439665] threose 1 [12.251]",95432
153,-0.3603019746931,-0.297171386176568,0.00759797914091724,0.0276620328571328,-0.624785618629214,-0.561655030112679,-0.0958183307569849,-0.0326877422404566,0.876890376505199,"[73563] D-glucosaminic acid 1 [18.387]","[73563] D-glucosaminic acid 1 [18.387]",3646682
154,0.0158980088750701,0.101255411216282,0.906191754118411,0.45293930156877,-0.248585635061045,-0.163228232719829,0.280381652811185,0.365739055152394,0.864850757241655,"[24154] galactosamine 2 [17.386]","[24154] galactosamine 2 [17.386]",1772038
155,-1.42560902180349,-2.38835205527186,9.78427435721647e-26,2.25515700365255e-67,-1.69009266573961,-2.65283569920797,-1.16112537786738,-2.12386841133575,0.932339327700146,"[892] allo-inositol  [17.245]","[892] allo-inositol  [17.245]",87898
156,-0.151916740192769,-0.1344705750094,0.260173609735675,0.318914266763558,-0.416400384128883,-0.398954218945511,0.112566903743346,0.130013068926711,0.813684417430179,"[73563] D-glucosaminic acid 1 [18.387]","[73563] D-glucosaminic acid 1 [18.387]",3646682
157,-0.0916476098238033,-0.0196450479238081,0.49693911612483,0.884222882901514,-0.356131253759918,-0.284128691859919,0.172836034112311,0.244838596012303,0.806128303540808,"[51] alpha ketoglutaric acid [13.859]","[51] alpha ketoglutaric acid [13.859]",328507
158,-0.105670090794744,-0.080276079361522,0.433484115748606,0.551823693212774,-0.370153734730859,-0.344759723297633,0.158813553141371,0.184207564574589,0.88648625532128,"[16218892] N-acetyl-D-glucosamine 2 [19.29]","[16218892] N-acetyl-D-glucosamine 2 [19.29]",7512176
159,-0.125804050958554,-0.0508605068991416,0.351097096041724,0.706174889119849,-0.390287694894668,-0.315344150835253,0.138679592977561,0.21362313703697,0.874392564331093,"[73563] D-glucosaminic acid 1 [18.387]","[73563] D-glucosaminic acid 1 [18.387]",3646682
160,-0.0534710721285409,0.0458155077031055,0.691848016052273,0.734155251694772,-0.317954716064656,-0.218668136233006,0.211012571807574,0.310299151639217,0.859821504638638,"[73563] D-glucosaminic acid 1 [18.387]","[73563] D-glucosaminic acid 1 [18.387]",3646682
161,-0.134467449156698,0.0156294038113205,0.318925514770454,0.907769550841523,-0.398951093092813,-0.248854240124791,0.130016194779417,0.280113047747432,0.85564641909811,"[51] alpha ketoglutaric acid [13.859]","[51] alpha ketoglutaric acid [13.859]",328507
162,-0.145098074687688,-0.0802743600084557,0.282173194257704,0.551832211554266,-0.409581718623803,-0.344758003944567,0.119385569248427,0.184209283927655,0.887050016868794,"[51] alpha ketoglutaric acid [13.859]","[51] alpha ketoglutaric acid [13.859]",328507
163,-0.365368006473606,-0.23711708298091,0.00679090210442519,0.0788746209228305,-0.629851650409721,-0.501600726917021,-0.100884362537492,0.0273665609552015,0.884936969223218,"[51] alpha ketoglutaric acid [13.859]","[51] alpha ketoglutaric acid [13.859]",328507
164,-0.140734759348311,0.0405999078056026,0.296895161779011,0.763457430891731,-0.405218403284426,-0.223883736130509,0.123748884587803,0.305083551741714,0.891149873780647,"[51] alpha ketoglutaric acid [13.859]","[51] alpha ketoglutaric acid [13.859]",328507
165,0.0935157532417718,0.0719883264173933,0.488209194363252,0.593617700660215,-0.170967890694343,-0.192495317518718,0.357999397177886,0.336471970353504,0.794847889598698,"[92904] 3-indolelactic acid 2 [20.077]","[92904] 3-indolelactic acid 2 [20.077]",1821529
166,-0.608847106289008,-0.473836237502948,6.58064161766341e-06,0.000449200951214874,-0.873330750225123,-0.738319881439059,-0.344363462352894,-0.209352593566837,0.903869208827339,"[835] dehydroascorbic acid  5 [17.878]","[835] dehydroascorbic acid  5 [17.878]",490835
167,-0.219272703507851,-0.102535614838327,0.104149813365243,0.447247320478795,-0.483756347443966,-0.367019258774438,0.0452109404282638,0.161948029097784,0.88930940361049,"[111064] ribonic acid-gamma-lactone 1 [15.052]","[111064] ribonic acid-gamma-lactone 1 [15.052]",5336083
168,-0.142154685251224,0.0058763624678451,0.292048905095888,0.965256453798988,-0.406638329187339,-0.258607281468266,0.12232895868489,0.270360006403956,0.896028838867718,"[73563] D-glucosaminic acid 1 [18.387]","[73563] D-glucosaminic acid 1 [18.387]",3646682
169,-0.129300857122572,0.0205698551819412,0.337871867993906,0.878813751551679,-0.393784501058687,-0.24391378875417,0.135182786813542,0.285053499118052,0.875651361815789,"[51] alpha ketoglutaric acid [13.859]","[51] alpha ketoglutaric acid [13.859]",328507
170,-0.0482211533140929,0.0483611700468292,0.720766414625672,0.719989723668663,-0.312704797250208,-0.216122473889282,0.216262490622022,0.31284481398294,0.897061075097109,"[51] alpha ketoglutaric acid [13.859]","[51] alpha ketoglutaric acid [13.859]",328507
173,-0.429168421082751,-0.357027806924217,0.00147779652481323,0.00816434380702897,-0.693652065018866,-0.621511450860328,-0.164684777146637,-0.0925441629881063,0.929980240472674,"[5460005] 2-deoxy-D-ribose 2 [13.84]","[5460005] 2-deoxy-D-ribose 2 [13.84]",533675
175,-0.473008831137404,-0.440571610117906,0.000459646029906115,0.00110101303783376,-0.737492475073518,-0.705055254054017,-0.208525187201289,-0.176087966181795,0.924480673718818,"[5460005] 2-deoxy-D-ribose 2 [13.84]","[5460005] 2-deoxy-D-ribose 2 [13.84]",533675
176,-0.478185595692455,-0.495565939492491,0.000397845034385332,0.000242551682742838,-0.74266923962857,-0.760049583428602,-0.213701951756341,-0.23108229555638,0.934503159412568,"[5460005] 2-deoxy-D-ribose 2 [13.84]","[5460005] 2-deoxy-D-ribose 2 [13.84]",533675
178,-0.259768780360265,-0.318536407478516,0.054224087436719,0.0182628387274599,-0.52425242429638,-0.583020051414627,0.00471486357584924,-0.054052763542405,0.902257831796104,"[111064] ribonic acid-gamma-lactone 1 [15.052]","[111064] ribonic acid-gamma-lactone 1 [15.052]",5336083
179,-0.25376679356163,-0.0213638794974753,0.0600283275974744,0.874174061339631,-0.518250437497745,-0.285847523433586,0.0107168503744844,0.243119764438636,0.881463649039771,"[51] alpha ketoglutaric acid [13.859]","[51] alpha ketoglutaric acid [13.859]",328507
180,-0.167389545032914,0.373948727078811,0.214738862924607,0.00559815124353738,-0.431873188969028,0.1094650831427,0.0970940989032007,0.638432371014922,0.905992959256243,"[111064] ribonic acid-gamma-lactone 1 [15.052]","[111064] ribonic acid-gamma-lactone 1 [15.052]",5336083
181,-0.322437497725654,-0.120465073291038,0.0168883694517892,0.371913339069801,-0.586921141661768,-0.384948717227149,-0.0579538537895392,0.144018570645073,0.930521470079833,"[111064] ribonic acid-gamma-lactone 1 [15.052]","[111064] ribonic acid-gamma-lactone 1 [15.052]",5336083
182,-0.0998939097260323,0.0523299812471695,0.459037393722517,0.6980971580749,-0.364377553662147,-0.212153662688942,0.164589734210082,0.316813625183281,0.862049579156049,"[94220] lactamide 2 [8.394]","[94220] lactamide 2 [8.394]",2043438
183,-0.156055433780714,0.0419064477691335,0.24741511511582,0.756083289828673,-0.420539077716829,-0.222577196166978,0.108428210155401,0.306390091705245,0.869864792693838,"[51] alpha ketoglutaric acid [13.859]","[51] alpha ketoglutaric acid [13.859]",328507
184,-0.217975024779359,-0.185289799246382,0.106214151302762,0.169665786395599,-0.482458668715473,-0.449773443182494,0.0465086191567562,0.0791938446897287,0.890800524265829,"[73563] D-glucosaminic acid 1 [18.387]","[73563] D-glucosaminic acid 1 [18.387]",3646682
185,-0.22052491645562,-0.143175809761734,0.102188156027748,0.288596818753132,-0.485008560391735,-0.407659453697845,0.0439587274804943,0.121307834174377,0.8844022964004,"[73563] D-glucosaminic acid 1 [18.387]","[73563] D-glucosaminic acid 1 [18.387]",3646682
186,-0.227005277379315,-0.112101643019313,0.0925019077024714,0.406023983716048,-0.491488921315429,-0.376585286955424,0.0374783665567996,0.152382000916798,0.900846057911731,"[111064] ribonic acid-gamma-lactone 1 [15.052]","[111064] ribonic acid-gamma-lactone 1 [15.052]",5336083
187,-0.119203266751118,-0.721525799925284,0.376942674964031,9.40217794320401e-08,-0.383686910687233,-0.986009443861395,0.145280377184996,-0.457042155989173,0.933612733871611,"[8299] acetol 3 [15.377]","[8299] acetol 3 [15.377]",116096
188,-0.373464037126864,-0.0878401114936083,0.00566012012851423,0.51498626691004,-0.637947681062978,-0.352323755429719,-0.108980393190749,0.176643532442503,0.888876301174207,"[159793] 2-keto-L-gulonic acid 1 [17.433]","[159793] 2-keto-L-gulonic acid 1 [17.433]",342385528
189,-0.135605147417246,0.0798756305360172,0.314848804866685,0.553809415162313,-0.400088791353361,-0.184608013400094,0.128878496518868,0.344359274472128,0.885393716134783,"[119054] conduritol epoxide 1 [17.751]","[119054] conduritol epoxide 1 [17.751]",6090955
190,-0.29707360018107,0.156293366819446,0.0277132183727113,0.246695189876553,-0.561557244117184,-0.108190277116665,-0.0325899562449552,0.420777010755557,0.867606159754466,"[73563] D-glucosaminic acid 1 [18.387]","[73563] D-glucosaminic acid 1 [18.387]",3646682
191,-0.16635663570108,0.0309462273848686,0.21758108897303,0.8185680437034,-0.430840279637194,-0.233537416551243,0.0981270082350349,0.29542987132098,0.871706865582201,"[51] alpha ketoglutaric acid [13.859]","[51] alpha ketoglutaric acid [13.859]",328507
192,0.0634900154992469,0.0201448153613847,0.637918792495633,0.881299091978,-0.200993628436868,-0.244338828574726,0.327973659435361,0.284628459297496,0.840451435663574,"[107885] (+/-)-11-nor-9-carboxy-delta-9-THC Standard [24.764]","[107885] (+/-)-11-nor-9-carboxy-delta-9-THC Standard [24.764]",64280144
193,-0.307292562553902,-0.0522276989335184,0.022786676377645,0.698658312295719,-0.571776206490017,-0.316711342869629,-0.0428089186177878,0.212255945002593,0.893766975452023,"[111064] ribonic acid-gamma-lactone 1 [15.052]","[111064] ribonic acid-gamma-lactone 1 [15.052]",5336083
194,-0.180771610272335,-0.0678523876073169,0.180310328740621,0.615002911268541,-0.44525525420845,-0.332336031543428,0.0837120336637797,0.196631256328794,0.888399355591488,"[439268] deoxyglucose 1 [16.321]","[439268] deoxyglucose 1 [16.321]",154176
195,-0.488124532311646,0.0475377952423051,0.000300360605121801,0.724561213860447,-0.75260817624776,-0.216945848693806,-0.223640888375531,0.312021439178416,0.918713080790314,"[111064] ribonic acid-gamma-lactone 1 [15.052]","[111064] ribonic acid-gamma-lactone 1 [15.052]",5336083
196,-0.203301383813318,-0.0067875806338458,0.131879309218133,0.959873186729826,-0.467785027749433,-0.271271224569957,0.0611822601227962,0.257696063302265,0.871136944554522,"[73563] D-glucosaminic acid 1 [18.387]","[73563] D-glucosaminic acid 1 [18.387]",3646682
197,-0.26488147680846,0.0572028468065952,0.0496565638358211,0.671559157430114,-0.529365120744575,-0.207280797129516,-0.000397832872345531,0.321686490742706,0.891462133746656,"[73563] D-glucosaminic acid 1 [18.387]","[73563] D-glucosaminic acid 1 [18.387]",3646682
198,-0.531460979828408,-0.224516319436975,8.30981657020928e-05,0.0961311173234742,-0.795944623764523,-0.488999963373086,-0.266977335892294,0.0399673244991357,0.910326417214699,"[73563] D-glucosaminic acid 1 [18.387]","[73563] D-glucosaminic acid 1 [18.387]",3646682
199,-0.275911977185969,1.06957032490327,0.0408936392676599,2.91396775352802e-15,-0.540395621122083,0.805086680967154,-0.0114283332498544,1.33405396883938,0.976749408548771,"[6255] maltose 1 [24.702]","[6255] maltose 1 [24.702]",69794
200,-0.295472072039558,0.0270322942151114,0.0285632296368462,0.841186927238545,-0.559955715975673,-0.237451349721,-0.0309884281034435,0.291515938151222,0.913163166902687,"[73563] D-glucosaminic acid 1 [18.387]","[73563] D-glucosaminic acid 1 [18.387]",3646682
201,-0.2440051245467,-0.124751472807053,0.0705632923958031,0.355141457414422,-0.508488768482814,-0.389235116743164,0.0204785193894151,0.139732171129058,0.902550415493238,"[73563] D-glucosaminic acid 1 [18.387]","[73563] D-glucosaminic acid 1 [18.387]",3646682
202,-0.246680501629746,-0.0404714184163531,0.0675352274142523,0.764183801014904,-0.511164145565861,-0.304955062352464,0.0178031423063683,0.224012225519758,0.907937936613806,"[71] gluconic acid 1 [17.693]","[71] gluconic acid 1 [17.693]",526954
203,0.107065607206773,0.0640309014721485,0.427436228605542,0.635058005706607,-0.157418036729341,-0.200452742463962,0.371549251142888,0.328514545408259,0.980771859956364,"[192826] maltotriose 1 [29.274]","[192826] maltotriose 1 [29.274]",1109280
204,0.10419613874455,0.072171092281284,0.439925361600147,0.59268059772223,-0.160287505191564,-0.192312551654827,0.368679782680665,0.336654736217395,0.997075380024605,"[84571] lactose 1 [24.386]","[84571] lactose 1 [24.386]",63423
205,0.0251833081525483,0.0288869809058353,0.851919345437795,0.830451002958847,-0.239300335783566,-0.235596663030276,0.289666952088663,0.293370624841946,0.990151587044229,"[24699] 1-stearoyl-rac-glycerol [24.913]","[24699] 1-stearoyl-rac-glycerol [24.913]",123944
206,0.165667146748507,0.20464010673701,0.21949333511594,0.129354864421213,-0.098816497187608,-0.0598435371991012,0.430150790684621,0.469123750673121,0.957714772860259,"[206] D (+) galactose 1 [17.409]","[206] D (+) galactose 1 [17.409]",59234
208,-0.0344818566692348,-0.162968690108214,0.798263927377559,0.227093297913374,-0.298965500605349,-0.427452334044325,0.23000178726688,0.101514953827897,0.849265905152545,"[51] alpha ketoglutaric acid [13.859]","[51] alpha ketoglutaric acid [13.859]",328507
209,-0.0237265176812982,-0.127151390376511,0.860394737668572,0.345962957332647,-0.288210161617413,-0.391635034312622,0.240757126254816,0.1373322535596,0.826748721057143,"[51] alpha ketoglutaric acid [13.859]","[51] alpha ketoglutaric acid [13.859]",328507
210,-0.195983550791587,-0.110454661407763,0.146358943158235,0.412955105908168,-0.460467194727702,-0.374938305343873,0.0685000931445275,0.154028982528348,0.850227977902848,"[11333] lactulose 1 [23.867]","[11333] lactulose 1 [23.867]",4618182
211,-0.653743345784126,-0.401407773246609,1.31065917349228e-06,0.00294298461227261,-0.91822698972024,-0.66589141718272,-0.389259701848011,-0.136924129310498,0.660514748852518,"[6161490] trans-13-octadecenoic acid [20.608]","[6161490] trans-13-octadecenoic acid [20.608]",693710
212,-0.265083780612995,-0.173269053482557,0.0494826820805529,0.199069456093815,-0.52956742454911,-0.437752697418668,-0.000600136676880306,0.0912145904535543,0.802134743500116,"[5460005] 2-deoxy-D-ribose 2 [13.84]","[5460005] 2-deoxy-D-ribose 2 [13.84]",533675
213,-0.2914167047747,-0.280138788805513,0.0308167143613293,0.0379022064564235,-0.555900348710814,-0.544622432741624,-0.0269330608385851,-0.0156551448694021,0.752430513282713,"[385] pimelic acid [14.19]","[385] pimelic acid [14.19]",111160
214,-0.147119244511144,-0.142869847100299,0.275524424342732,0.289628278541752,-0.411602888447259,-0.40735349103641,0.11736439942497,0.121613796835812,0.71455997460034,"[385] pimelic acid [14.19]","[385] pimelic acid [14.19]",111160
215,-0.0670457194396158,-0.0168324422739587,0.619213065954962,0.900705780102072,-0.33152936337573,-0.28131608621007,0.197437924496499,0.247651201662152,0.67537847296314,"[68499] nicotinoylglycine [17.348]","[68499] nicotinoylglycine [17.348]",583084
216,-0.0277204174588101,-0.0285293110660871,0.837200138881099,0.832518991289802,-0.292204061394925,-0.293012955002198,0.236763226477304,0.235954332870024,0.673273105563136,"[68499] nicotinoylglycine [17.348]","[68499] nicotinoylglycine [17.348]",583084
217,-0.318309136776149,-0.201100797699184,0.0183458505679284,0.13611175440742,-0.582792780712264,-0.465584441635295,-0.0538254928400344,0.0633828462369272,0.674689049535806,"[68499] nicotinoylglycine [17.348]","[68499] nicotinoylglycine [17.348]",583084
218,-0.0737628807041026,-0.0615559178821319,0.584547803160262,0.648192345019842,-0.338246524640217,-0.326039561818243,0.190720763232012,0.202927726053979,0.680612094088685,"[68499] nicotinoylglycine [17.348]","[68499] nicotinoylglycine [17.348]",583084
219,-0.0268455187810681,-0.0313831597847094,0.842269758345632,0.816051963782247,-0.291329162717183,-0.29586680372082,0.237638125155047,0.233100484151402,0.685564875417599,"[68499] nicotinoylglycine [17.348]","[68499] nicotinoylglycine [17.348]",583084
222,-0.343230430038501,-0.148852141710613,0.0109884912929084,0.269909752423609,-0.607714073974616,-0.413335785646724,-0.0787467861023867,0.115631502225498,0.843377518069778,"[304] cholesterol [27.555]","[304] cholesterol [27.555]",57885
224,-0.0379371285669169,-0.53823463905832,0.778552197685913,6.73854012435633e-05,-0.302420772503031,-0.802718282994431,0.226546515369198,-0.27375099512221,0.781815157828662,"[325] 4-isopropylbenzyl alcohol [11.659]","[325] 4-isopropylbenzyl alcohol [11.659]",536607
